{"rollout/ep_rew_mean":408.1036,"train/ent_coef":0.024696233,"_step":2170,"train/current_q_values":88.853134,"global_step":58427,"_wandb":{"runtime":1000},"train/critic_loss":5.0921283,"rollout/ep_len_mean":393.83,"_timestamp":1.772531331137628e+09,"train/entropy":0,"train/entrQ_1":2.5637946,"train/terminal_costs":-4.717556,"train/next_q_values":0.00990099,"_runtime":1000,"train/actor_loss":-90.11194,"time/fps":59,"train/entrQ_2":2.563605,"train/sto_costs":0,"train/run_costs":8.396986}