{"train/run_costs":8.204954,"_step":17740,"train/actor_loss":-55.176926,"train/n_updates":465200,"global_step":237609,"train/entrQ_1":2.06962,"train/ent_coef":0.01707518,"rollout/ep_rew_mean":180.73955,"rollout/ep_len_mean":194.22,"train/terminal_costs":-4.6364155,"_wandb":{"runtime":4899},"train/current_q_values":54.90791,"train/sto_costs":0,"train/next_q_values":0.00990099,"train/critic_loss":4.114683,"train/entropy":0,"train/entrQ_2":2.0702147,"_runtime":4899,"time/fps":48,"_timestamp":1.7729653807998233e+09}