{"train/critic_loss":3.5314727,"time/fps":69,"eval/mean_ep_length":1000,"train/entrQ_1":1.779438,"rollout/ep_rew_mean":9641.177,"global_step":626889,"train/entropy":0,"train/terminal_costs":-39.917747,"_runtime":9066,"train/current_q_values":1061.5323,"eval/mean_reward":11810.199,"train/next_q_values":0.00990099,"train/sto_costs":0,"train/actor_loss":-1064.6306,"train/run_costs":66.55832,"train/entrQ_2":1.7791932,"_wandb":{"runtime":9066},"train/ent_coef":0.013133781,"_timestamp":1.7722592381560023e+09,"_step":21493,"rollout/ep_len_mean":827.65}